URL,Last crawled
https://www.themaintenanceteamsa.co.za/?v=46327208490,2026-04-07
https://www.themaintenanceteamsa.co.za/?v=46327145164,2026-04-07
https://www.themaintenanceteamsa.co.za/?v=46327175365,2026-04-07
https://www.themaintenanceteamsa.co.za/?v=46327108747,2026-04-07
https://www.themaintenanceteamsa.co.za/?d=72231178068,2026-04-07
https://www.themaintenanceteamsa.co.za/?v=4632716009,2026-04-07
https://www.themaintenanceteamsa.co.za/?v=46327138827,2026-04-07
https://www.themaintenanceteamsa.co.za/?v=46327258524,2026-04-07
https://www.themaintenanceteamsa.co.za/?a=79118275575,2026-04-07
https://www.themaintenanceteamsa.co.za/?v=46327191980,2026-04-07
https://www.themaintenanceteamsa.co.za/?v=4632796642,2026-04-07
https://www.themaintenanceteamsa.co.za/?v=46327150015,2026-04-07
https://www.themaintenanceteamsa.co.za/?v=4632745600,2026-04-07
https://www.themaintenanceteamsa.co.za/?v=4632772069,2026-04-07
https://www.themaintenanceteamsa.co.za/?detail/717924572,2026-04-07
https://www.themaintenanceteamsa.co.za/?detail/715973348,2026-04-07
https://www.themaintenanceteamsa.co.za/?v=463275031,2026-04-07
https://www.themaintenanceteamsa.co.za/?detail/731873289,2026-04-07
https://www.themaintenanceteamsa.co.za/?a=7911861919,2026-04-07
https://www.themaintenanceteamsa.co.za/?v=46327133565,2026-04-07
https://www.themaintenanceteamsa.co.za/?detail/730352529,2026-04-07
https://www.themaintenanceteamsa.co.za/?detail/749414431,2026-04-07
https://www.themaintenanceteamsa.co.za/?v=4632734298,2026-04-07
https://www.themaintenanceteamsa.co.za/?v=46327190013,2026-04-07
https://www.themaintenanceteamsa.co.za/?v=46327279567,2026-04-07
https://www.themaintenanceteamsa.co.za/?v=46327170838,2026-04-07
https://www.themaintenanceteamsa.co.za/?detail/712192557,2026-04-07
https://www.themaintenanceteamsa.co.za/?a=79118272592,2026-04-07
https://www.themaintenanceteamsa.co.za/?detail/734787813,2026-04-07
https://www.themaintenanceteamsa.co.za/?d=72231239905,2026-04-07
https://www.themaintenanceteamsa.co.za/?detail/703944505,2026-04-07
https://www.themaintenanceteamsa.co.za/?v=4632769520,2026-04-07
https://www.themaintenanceteamsa.co.za/?detail/736907928,2026-04-07
https://www.themaintenanceteamsa.co.za/?n=87425267951,2026-04-07
https://www.themaintenanceteamsa.co.za/?detail/759243017,2026-04-07
https://www.themaintenanceteamsa.co.za/?v=46327100868,2026-04-07
https://www.themaintenanceteamsa.co.za/?v=46327220480,2026-04-07
https://www.themaintenanceteamsa.co.za/?v=46327261143,2026-04-07
https://www.themaintenanceteamsa.co.za/?v=46327112482,2026-04-07
https://www.themaintenanceteamsa.co.za/?v=46327255885,2026-04-07
https://www.themaintenanceteamsa.co.za/?v=46327160451,2026-04-07
https://www.themaintenanceteamsa.co.za/?v=46327162763,2026-04-07
https://www.themaintenanceteamsa.co.za/?v=46327259829,2026-04-07
https://www.themaintenanceteamsa.co.za/?v=46327245139,2026-04-07
https://www.themaintenanceteamsa.co.za/?v=4632756396,2026-04-07
https://www.themaintenanceteamsa.co.za/?v=46327152070,2026-04-07
https://www.themaintenanceteamsa.co.za/?v=46327244974,2026-04-07
https://www.themaintenanceteamsa.co.za/?y=91700152404,2026-04-07
https://www.themaintenanceteamsa.co.za/?v=46327157610,2026-04-07
https://www.themaintenanceteamsa.co.za/?v=46327262369,2026-04-07
https://www.themaintenanceteamsa.co.za/?y=91700205468,2026-04-06
https://www.themaintenanceteamsa.co.za/?v=46327166980,2026-04-06
https://www.themaintenanceteamsa.co.za/?v=4632745287,2026-04-06
https://www.themaintenanceteamsa.co.za/?v=4632787382,2026-04-06
https://www.themaintenanceteamsa.co.za/?v=46327165161,2026-04-06
https://www.themaintenanceteamsa.co.za/?a=60918170579,2026-04-06
https://www.themaintenanceteamsa.co.za/?v=46327240700,2026-04-06
https://www.themaintenanceteamsa.co.za/?detail/705344007,2026-04-06
https://www.themaintenanceteamsa.co.za/?detail/722449631,2026-04-06
https://www.themaintenanceteamsa.co.za/?detail/736549303,2026-04-06
https://www.themaintenanceteamsa.co.za/?n=87425133950,2026-04-06
https://www.themaintenanceteamsa.co.za/?y=91700150360,2026-04-06
https://www.themaintenanceteamsa.co.za/?d=72231203251,2026-04-06
https://www.themaintenanceteamsa.co.za/?l=6979510646,2026-04-06
https://www.themaintenanceteamsa.co.za/?v=46327196637,2026-04-06
https://www.themaintenanceteamsa.co.za/?u=13670153634,2026-04-06
https://www.themaintenanceteamsa.co.za/?a=79118164902,2026-04-06
https://www.themaintenanceteamsa.co.za/?y=9170040837,2026-04-06
https://www.themaintenanceteamsa.co.za/?v=4632791704,2026-04-06
https://www.themaintenanceteamsa.co.za/?detail/735905697,2026-04-06
https://www.themaintenanceteamsa.co.za/?l=69795220802,2026-04-06
https://www.themaintenanceteamsa.co.za/?detail/715830886,2026-04-06
https://www.themaintenanceteamsa.co.za/?detail/733124135,2026-04-06
https://www.themaintenanceteamsa.co.za/?detail/733501171,2026-04-06
https://www.themaintenanceteamsa.co.za/?l=6979521856,2026-04-06
https://www.themaintenanceteamsa.co.za/?n=8742550299,2026-04-06
https://www.themaintenanceteamsa.co.za/?a=79118269310,2026-04-06
https://www.themaintenanceteamsa.co.za/?detail/756726600,2026-04-06
https://www.themaintenanceteamsa.co.za/?s=87092167932,2026-04-06
https://www.themaintenanceteamsa.co.za/?a=7911891918,2026-04-06
https://www.themaintenanceteamsa.co.za/?u=13670182092,2026-04-06
https://www.themaintenanceteamsa.co.za/?u=13670139500,2026-04-06
https://www.themaintenanceteamsa.co.za/?v=46327262454,2026-04-06
https://www.themaintenanceteamsa.co.za/?y=91700195301,2026-04-06
https://www.themaintenanceteamsa.co.za/?v=46327105749,2026-04-06
https://www.themaintenanceteamsa.co.za/?v=4632779182,2026-04-06
https://www.themaintenanceteamsa.co.za/?v=46327280958,2026-04-06
https://www.themaintenanceteamsa.co.za/?v=46327283198,2026-04-06
https://www.themaintenanceteamsa.co.za/?v=4632742976,2026-04-06
https://www.themaintenanceteamsa.co.za/?v=4632764119,2026-04-06
https://www.themaintenanceteamsa.co.za/?v=4632724072,2026-04-06
https://www.themaintenanceteamsa.co.za/?v=46327147156,2026-04-06
https://www.themaintenanceteamsa.co.za/?v=46327197,2026-04-06
https://www.themaintenanceteamsa.co.za/?v=46327240626,2026-04-06
https://www.themaintenanceteamsa.co.za/?detail/751892848,2026-04-06
https://www.themaintenanceteamsa.co.za/?v=463275593,2026-04-06
https://www.themaintenanceteamsa.co.za/?y=91700157026,2026-04-06
https://www.themaintenanceteamsa.co.za/?v=46327251028,2026-04-06
https://www.themaintenanceteamsa.co.za/?v=46327153187,2026-04-06
https://www.themaintenanceteamsa.co.za/?detail/725944966,2026-04-06
https://www.themaintenanceteamsa.co.za/?v=4632788080,2026-04-06
https://www.themaintenanceteamsa.co.za/?v=46327133357,2026-04-06
https://www.themaintenanceteamsa.co.za/?u=13670220340,2026-04-06
https://www.themaintenanceteamsa.co.za/?detail/711420397,2026-04-06
https://www.themaintenanceteamsa.co.za/?detail/704855156,2026-04-06
https://www.themaintenanceteamsa.co.za/?d=7223112296,2026-04-06
https://www.themaintenanceteamsa.co.za/?detail/702411186,2026-04-06
https://www.themaintenanceteamsa.co.za/?a=60918264964,2026-04-06
https://www.themaintenanceteamsa.co.za/?y=91700177454,2026-04-06
https://www.themaintenanceteamsa.co.za/?v=4632757245,2026-04-06
https://www.themaintenanceteamsa.co.za/?v=46327177819,2026-04-06
https://www.themaintenanceteamsa.co.za/?n=8742586198,2026-04-06
https://www.themaintenanceteamsa.co.za/?d=72231148649,2026-04-06
https://www.themaintenanceteamsa.co.za/?a=79118124456,2026-04-06
https://www.themaintenanceteamsa.co.za/?detail/751142158,2026-04-06
https://www.themaintenanceteamsa.co.za/?v=4632738359,2026-04-06
https://www.themaintenanceteamsa.co.za/?detail/719440126,2026-04-06
https://www.themaintenanceteamsa.co.za/?detail/732619571,2026-04-06
https://www.themaintenanceteamsa.co.za/?detail/731577250,2026-04-06
https://www.themaintenanceteamsa.co.za/?detail/707099759,2026-04-06
https://www.themaintenanceteamsa.co.za/?detail/745099094,2026-04-06
https://www.themaintenanceteamsa.co.za/?q=1725454835,2026-04-06
https://www.themaintenanceteamsa.co.za/?s=8709256513,2026-04-06
https://www.themaintenanceteamsa.co.za/?detail/748683045,2026-04-06
https://www.themaintenanceteamsa.co.za/?detail/722529184,2026-04-06
https://www.themaintenanceteamsa.co.za/?detail/716219930,2026-04-06
https://www.themaintenanceteamsa.co.za/?v=46327122547,2026-04-06
https://www.themaintenanceteamsa.co.za/?n=87425160872,2026-04-06
https://www.themaintenanceteamsa.co.za/?detail/731876234,2026-04-06
https://www.themaintenanceteamsa.co.za/?detail/706026240,2026-04-06
https://www.themaintenanceteamsa.co.za/?detail/745296314,2026-04-06
https://www.themaintenanceteamsa.co.za/?detail/752921926,2026-04-06
https://www.themaintenanceteamsa.co.za/?detail/716198897,2026-04-06
https://www.themaintenanceteamsa.co.za/?detail/746939643,2026-04-06
https://www.themaintenanceteamsa.co.za/?v=46327146291,2026-04-06
https://www.themaintenanceteamsa.co.za/?a=6091829996,2026-04-06
https://www.themaintenanceteamsa.co.za/?v=46327224480,2026-04-06
https://www.themaintenanceteamsa.co.za/?detail/720919523,2026-04-06
https://www.themaintenanceteamsa.co.za/?detail/731800367,2026-04-06
https://www.themaintenanceteamsa.co.za/?detail/739547484,2026-04-06
https://www.themaintenanceteamsa.co.za/?detail/704170130,2026-04-06
https://www.themaintenanceteamsa.co.za/?detail/728568638,2026-04-06
https://www.themaintenanceteamsa.co.za/?detail/726688721,2026-04-06
https://www.themaintenanceteamsa.co.za/?detail/751063213,2026-04-06
https://www.themaintenanceteamsa.co.za/?detail/738168141,2026-04-06
https://www.themaintenanceteamsa.co.za/?detail/752818851,2026-04-06
https://www.themaintenanceteamsa.co.za/?detail/709917250,2026-04-06
https://www.themaintenanceteamsa.co.za/?detail/757003069,2026-04-06
https://www.themaintenanceteamsa.co.za/?a=7911848472,2026-04-06
https://www.themaintenanceteamsa.co.za/?a=60918239621,2026-04-06
https://www.themaintenanceteamsa.co.za/?detail/754856924,2026-04-06
https://www.themaintenanceteamsa.co.za/?v=46327143318,2026-04-06
https://www.themaintenanceteamsa.co.za/?v=46327124177,2026-04-06
https://www.themaintenanceteamsa.co.za/?l=6979596071,2026-04-06
https://www.themaintenanceteamsa.co.za/?a=7911824048,2026-04-06
https://www.themaintenanceteamsa.co.za/?n=8742525486,2026-04-06
https://www.themaintenanceteamsa.co.za/?v=46327196083,2026-04-06
https://www.themaintenanceteamsa.co.za/?v=46327263539,2026-04-06
https://www.themaintenanceteamsa.co.za/?detail/749929027,2026-04-06
https://www.themaintenanceteamsa.co.za/?l=69795222657,2026-04-06
https://www.themaintenanceteamsa.co.za/?detail/756934840,2026-04-06
https://www.themaintenanceteamsa.co.za/?detail/752493324,2026-04-06
https://www.themaintenanceteamsa.co.za/?q=17254560,2026-04-06
https://www.themaintenanceteamsa.co.za/?detail/704511959,2026-04-06
https://www.themaintenanceteamsa.co.za/?detail/758187282,2026-04-06
https://www.themaintenanceteamsa.co.za/?v=46327176703,2026-04-06
https://www.themaintenanceteamsa.co.za/?n=87425197555,2026-04-06
https://www.themaintenanceteamsa.co.za/?a=60918195112,2026-04-06
https://www.themaintenanceteamsa.co.za/?n=8742593570,2026-04-06
https://www.themaintenanceteamsa.co.za/?a=7911874138,2026-04-06
https://www.themaintenanceteamsa.co.za/?u=13670117044,2026-04-06
https://www.themaintenanceteamsa.co.za/?y=9170064349,2026-04-06
https://www.themaintenanceteamsa.co.za/?s=87092153968,2026-04-06
https://www.themaintenanceteamsa.co.za/?detail/745234602,2026-04-06
https://www.themaintenanceteamsa.co.za/?a=79118247432,2026-04-06
https://www.themaintenanceteamsa.co.za/?v=46327133728,2026-04-06
https://www.themaintenanceteamsa.co.za/?v=46327273069,2026-04-06
https://www.themaintenanceteamsa.co.za/?v=46327107015,2026-04-06
https://www.themaintenanceteamsa.co.za/?v=46327151238,2026-04-06
https://www.themaintenanceteamsa.co.za/?v=46327195549,2026-04-06
https://www.themaintenanceteamsa.co.za/?v=4632729477,2026-04-06
https://www.themaintenanceteamsa.co.za/?detail/739765395,2026-04-06
https://www.themaintenanceteamsa.co.za/?v=46327152566,2026-04-06
https://www.themaintenanceteamsa.co.za/?u=13670165447,2026-04-06
https://www.themaintenanceteamsa.co.za/?detail/738206977,2026-04-06
https://www.themaintenanceteamsa.co.za/?detail/750813059,2026-04-06
https://www.themaintenanceteamsa.co.za/?detail/724248190,2026-04-06
https://www.themaintenanceteamsa.co.za/?detail/717056367,2026-04-06
https://www.themaintenanceteamsa.co.za/?a=60918190366,2026-04-06
https://www.themaintenanceteamsa.co.za/?v=46327213242,2026-04-06
https://www.themaintenanceteamsa.co.za/?a=60918109228,2026-04-06
https://www.themaintenanceteamsa.co.za/?detail/724045042,2026-04-06
https://www.themaintenanceteamsa.co.za/?detail/734609859,2026-04-06
https://www.themaintenanceteamsa.co.za/?v=4632779208,2026-04-06
https://www.themaintenanceteamsa.co.za/?detail/706603061,2026-04-06
https://www.themaintenanceteamsa.co.za/?v=463273293,2026-04-06
https://www.themaintenanceteamsa.co.za/?detail/748465723,2026-04-06
https://www.themaintenanceteamsa.co.za/?detail/728905470,2026-04-06
https://www.themaintenanceteamsa.co.za/?detail/741569958,2026-04-06
https://www.themaintenanceteamsa.co.za/?detail/722821461,2026-04-06
https://www.themaintenanceteamsa.co.za/?s=87092277924,2026-04-06
https://www.themaintenanceteamsa.co.za/?detail/751995448,2026-04-06
https://www.themaintenanceteamsa.co.za/?detail/708072749,2026-04-06
https://www.themaintenanceteamsa.co.za/?detail/709873759,2026-04-06
https://www.themaintenanceteamsa.co.za/?detail/717101549,2026-04-06
https://www.themaintenanceteamsa.co.za/?detail/723271913,2026-04-06
https://www.themaintenanceteamsa.co.za/?detail/752877561,2026-04-06
https://www.themaintenanceteamsa.co.za/?n=87425118643,2026-04-06
https://www.themaintenanceteamsa.co.za/?detail/713244302,2026-04-06
https://www.themaintenanceteamsa.co.za/?v=46327141611,2026-04-06
https://www.themaintenanceteamsa.co.za/?v=46327265121,2026-04-05
https://www.themaintenanceteamsa.co.za/?detail/746993983,2026-04-05
https://www.themaintenanceteamsa.co.za/?detail/707301444,2026-04-05
https://themaintenanceteamsa.co.za/?detail/724632560,2026-04-05
https://themaintenanceteamsa.co.za/?d=72231385,2026-04-05
https://themaintenanceteamsa.co.za/?d=72231190329,2026-04-05
https://themaintenanceteamsa.co.za/?detail/733155314,2026-04-05
https://themaintenanceteamsa.co.za/?a=6091884939,2026-04-05
https://themaintenanceteamsa.co.za/?detail/714665426,2026-04-05
https://themaintenanceteamsa.co.za/?detail/745819517,2026-04-05
https://themaintenanceteamsa.co.za/?detail/726872318,2026-04-05
https://themaintenanceteamsa.co.za/?v=46327272693,2026-04-05
https://themaintenanceteamsa.co.za/?s=87092205437,2026-04-05
https://themaintenanceteamsa.co.za/?l=6979551039,2026-04-05
https://themaintenanceteamsa.co.za/?detail/706575264,2026-04-05
https://themaintenanceteamsa.co.za/?detail/714480271,2026-04-05
https://themaintenanceteamsa.co.za/?detail/756711210,2026-04-05
https://themaintenanceteamsa.co.za/?y=9170057413,2026-04-05
https://themaintenanceteamsa.co.za/?detail/735618417,2026-04-05
https://themaintenanceteamsa.co.za/?detail/737985209,2026-04-05
https://themaintenanceteamsa.co.za/?detail/710265938,2026-04-05
https://themaintenanceteamsa.co.za/?a=79118124857,2026-04-05
https://themaintenanceteamsa.co.za/?l=69795277847,2026-04-05
https://themaintenanceteamsa.co.za/?u=13670168996,2026-04-05
https://themaintenanceteamsa.co.za/?a=79118196739,2026-04-05
https://themaintenanceteamsa.co.za/?l=69795234432,2026-04-05
https://themaintenanceteamsa.co.za/?detail/736729936,2026-04-05
https://themaintenanceteamsa.co.za/?u=13670279924,2026-04-05
https://themaintenanceteamsa.co.za/?d=72231206980,2026-04-05
https://themaintenanceteamsa.co.za/?y=91700248866,2026-04-05
https://themaintenanceteamsa.co.za/?detail/728322512,2026-04-05
https://themaintenanceteamsa.co.za/?n=87425175325,2026-04-05
https://themaintenanceteamsa.co.za/?detail/720117894,2026-04-05
https://themaintenanceteamsa.co.za/?y=91700132411,2026-04-05
https://themaintenanceteamsa.co.za/?detail/739590120,2026-04-05
https://themaintenanceteamsa.co.za/?detail/709571583,2026-04-05
https://themaintenanceteamsa.co.za/?l=69795242520,2026-04-05
https://themaintenanceteamsa.co.za/?detail/736319441,2026-04-05
https://themaintenanceteamsa.co.za/?v=46327231226,2026-04-05
https://themaintenanceteamsa.co.za/?detail/736116844,2026-04-05
https://themaintenanceteamsa.co.za/?detail/722541667,2026-04-05
https://themaintenanceteamsa.co.za/?detail/745350730,2026-04-05
https://themaintenanceteamsa.co.za/?detail/723824661,2026-04-05
https://themaintenanceteamsa.co.za/?detail/712918718,2026-04-05
https://themaintenanceteamsa.co.za/?detail/722067199,2026-04-05
https://themaintenanceteamsa.co.za/?detail/734359553,2026-04-05
https://themaintenanceteamsa.co.za/?detail/741341103,2026-04-05
https://themaintenanceteamsa.co.za/?detail/735699281,2026-04-05
https://themaintenanceteamsa.co.za/?detail/747423478,2026-04-05
https://themaintenanceteamsa.co.za/?y=91700191932,2026-04-05
https://themaintenanceteamsa.co.za/?detail/735406909,2026-04-05
https://themaintenanceteamsa.co.za/?detail/727605338,2026-04-05
https://themaintenanceteamsa.co.za/?detail/720310497,2026-04-05
https://themaintenanceteamsa.co.za/?detail/713373711,2026-04-05
https://themaintenanceteamsa.co.za/?detail/704145886,2026-04-05
https://themaintenanceteamsa.co.za/?d=72231212828,2026-04-05
https://themaintenanceteamsa.co.za/?n=87425182376,2026-04-05
https://themaintenanceteamsa.co.za/?a=60918243998,2026-04-05
https://themaintenanceteamsa.co.za/?detail/746046567,2026-04-05
https://themaintenanceteamsa.co.za/?detail/747829128,2026-04-05
https://themaintenanceteamsa.co.za/?detail/704293440,2026-04-05
https://themaintenanceteamsa.co.za/?detail/721084842,2026-04-05
https://themaintenanceteamsa.co.za/?v=46327229279,2026-04-05
https://themaintenanceteamsa.co.za/?v=46327246153,2026-04-05
https://themaintenanceteamsa.co.za/?y=9170013854,2026-04-05
https://themaintenanceteamsa.co.za/?detail/754450894,2026-04-05
https://themaintenanceteamsa.co.za/?detail/733420250,2026-04-05
https://themaintenanceteamsa.co.za/?v=46327191135,2026-04-05
https://themaintenanceteamsa.co.za/?v=46327221228,2026-04-05
https://themaintenanceteamsa.co.za/?l=69795182205,2026-04-05
https://themaintenanceteamsa.co.za/?v=46327175591,2026-04-05
https://themaintenanceteamsa.co.za/?v=46327107959,2026-04-05
https://themaintenanceteamsa.co.za/?v=46327180996,2026-04-05
https://themaintenanceteamsa.co.za/?v=46327186579,2026-04-05
https://themaintenanceteamsa.co.za/?detail/730993380,2026-04-05
https://themaintenanceteamsa.co.za/?detail/708825510,2026-04-05
https://themaintenanceteamsa.co.za/?v=46327213418,2026-04-05
https://themaintenanceteamsa.co.za/?detail/709942748,2026-04-05
https://themaintenanceteamsa.co.za/?detail/727363848,2026-04-05
https://themaintenanceteamsa.co.za/?y=91700214491,2026-04-05
https://themaintenanceteamsa.co.za/?s=8709247343,2026-04-05
https://themaintenanceteamsa.co.za/?v=4632771096,2026-04-05
https://themaintenanceteamsa.co.za/?v=46327276878,2026-04-05
https://themaintenanceteamsa.co.za/?v=46327101710,2026-04-05
https://themaintenanceteamsa.co.za/?detail/706549747,2026-04-05
https://themaintenanceteamsa.co.za/?detail/748873425,2026-04-05
https://themaintenanceteamsa.co.za/?v=4632711775,2026-04-05
https://themaintenanceteamsa.co.za/?detail/749922016,2026-04-05
https://themaintenanceteamsa.co.za/?detail/721023016,2026-04-05
https://themaintenanceteamsa.co.za/?detail/745034247,2026-04-05
https://themaintenanceteamsa.co.za/?v=46327236938,2026-04-05
https://themaintenanceteamsa.co.za/?detail/745808592,2026-04-05
https://themaintenanceteamsa.co.za/?detail/755096970,2026-04-05
https://themaintenanceteamsa.co.za/?detail/729121975,2026-04-05
https://themaintenanceteamsa.co.za/?detail/723226313,2026-04-05
https://themaintenanceteamsa.co.za/?q=17254155515,2026-04-05
https://themaintenanceteamsa.co.za/?detail/739508116,2026-04-05
https://themaintenanceteamsa.co.za/?detail/715158590,2026-04-05
https://themaintenanceteamsa.co.za/?detail/736533305,2026-04-05
https://themaintenanceteamsa.co.za/?detail/724233522,2026-04-05
https://themaintenanceteamsa.co.za/?detail/732057684,2026-04-05
https://themaintenanceteamsa.co.za/?u=1367068898,2026-04-05
https://themaintenanceteamsa.co.za/?v=4632712743,2026-04-05
https://themaintenanceteamsa.co.za/?v=46327272825,2026-04-05
https://themaintenanceteamsa.co.za/?v=4632721346,2026-04-05
https://themaintenanceteamsa.co.za/?v=463272358,2026-04-05
https://themaintenanceteamsa.co.za/?v=46327129174,2026-04-05
https://themaintenanceteamsa.co.za/?v=46327233091,2026-04-05
https://themaintenanceteamsa.co.za/?v=46327185920,2026-04-05
https://themaintenanceteamsa.co.za/?v=46327171960,2026-04-05
https://themaintenanceteamsa.co.za/?d=72231144911,2026-04-05
https://themaintenanceteamsa.co.za/?v=4632717811,2026-04-05
https://themaintenanceteamsa.co.za/?v=46327157069,2026-04-05
https://themaintenanceteamsa.co.za/?v=46327284892,2026-04-05
https://themaintenanceteamsa.co.za/?v=46327211216,2026-04-05
https://themaintenanceteamsa.co.za/?v=46327184590,2026-04-05
https://themaintenanceteamsa.co.za/?v=4632741870,2026-04-05
https://themaintenanceteamsa.co.za/?v=46327270463,2026-04-05
https://themaintenanceteamsa.co.za/?v=46327189774,2026-04-05
https://themaintenanceteamsa.co.za/?v=46327196291,2026-04-05
https://themaintenanceteamsa.co.za/?v=46327236943,2026-04-05
https://themaintenanceteamsa.co.za/?v=46327269959,2026-04-05
https://themaintenanceteamsa.co.za/?v=46327204177,2026-04-05
https://themaintenanceteamsa.co.za/?v=46327125897,2026-04-05
https://themaintenanceteamsa.co.za/?v=4632792939,2026-04-05
https://themaintenanceteamsa.co.za/?a=6091846429,2026-04-05
https://themaintenanceteamsa.co.za/?v=46327187617,2026-04-05
https://themaintenanceteamsa.co.za/?v=46327233263,2026-04-05
https://themaintenanceteamsa.co.za/?v=46327228944,2026-04-05
https://themaintenanceteamsa.co.za/?v=46327161669,2026-04-05
https://themaintenanceteamsa.co.za/?v=46327273562,2026-04-05
https://themaintenanceteamsa.co.za/?v=46327125237,2026-04-05
https://themaintenanceteamsa.co.za/?v=4632720071,2026-04-05
https://themaintenanceteamsa.co.za/?v=4632798884,2026-04-05
https://themaintenanceteamsa.co.za/?v=46327259881,2026-04-05
https://themaintenanceteamsa.co.za/?v=46327193865,2026-04-05
https://themaintenanceteamsa.co.za/?v=46327177093,2026-04-05
https://themaintenanceteamsa.co.za/?n=87425197920,2026-04-05
https://themaintenanceteamsa.co.za/?detail/717617950,2026-04-05
https://themaintenanceteamsa.co.za/?u=1367073220,2026-04-05
https://themaintenanceteamsa.co.za/?detail/752198425,2026-04-04
https://themaintenanceteamsa.co.za/?detail/749287986,2026-04-04
https://themaintenanceteamsa.co.za/?a=60918228971,2026-04-04
https://themaintenanceteamsa.co.za/?detail/756568957,2026-04-04
https://themaintenanceteamsa.co.za/?detail/756533788,2026-04-04
https://themaintenanceteamsa.co.za/?detail/728736085,2026-04-04
https://themaintenanceteamsa.co.za/?a=7911862679,2026-04-04
https://themaintenanceteamsa.co.za/?y=9170031204,2026-04-04
https://themaintenanceteamsa.co.za/?detail/725847363,2026-04-04
https://themaintenanceteamsa.co.za/?detail/742170510,2026-04-04
https://themaintenanceteamsa.co.za/?detail/737789566,2026-04-04
https://themaintenanceteamsa.co.za/?detail/750109223,2026-04-04
https://themaintenanceteamsa.co.za/?a=79118232695,2026-04-04
https://themaintenanceteamsa.co.za/?y=91700228899,2026-04-04
https://themaintenanceteamsa.co.za/?detail/742613932,2026-04-04
https://themaintenanceteamsa.co.za/?class/2589-6091800042.html,2026-04-04
https://themaintenanceteamsa.co.za/?a=6091865008,2026-04-04
https://themaintenanceteamsa.co.za/?v=463278509,2026-04-04
https://themaintenanceteamsa.co.za/?l=69795168087,2026-04-04
https://themaintenanceteamsa.co.za/?y=9170071105,2026-04-04
https://themaintenanceteamsa.co.za/?y=9170080968,2026-04-04
https://themaintenanceteamsa.co.za/?detail/736964719,2026-04-04
https://themaintenanceteamsa.co.za/?detail/706452980,2026-04-04
https://themaintenanceteamsa.co.za/?detail/726754727,2026-04-04
https://themaintenanceteamsa.co.za/?detail/731233483,2026-04-04
https://themaintenanceteamsa.co.za/?a=7911843733,2026-04-04
https://themaintenanceteamsa.co.za/?detail/753339432,2026-04-04
https://themaintenanceteamsa.co.za/?detail/730966324,2026-04-04
https://themaintenanceteamsa.co.za/?detail/737489024,2026-04-04
https://themaintenanceteamsa.co.za/?detail/721383047,2026-04-04
https://themaintenanceteamsa.co.za/?detail/758226232,2026-04-04
https://themaintenanceteamsa.co.za/?detail/727533898,2026-04-04
https://themaintenanceteamsa.co.za/?v=46327251118,2026-04-04
https://themaintenanceteamsa.co.za/?detail/705700903,2026-04-04
https://themaintenanceteamsa.co.za/?detail/732765909,2026-04-04
https://themaintenanceteamsa.co.za/?detail/735785807,2026-04-04
https://themaintenanceteamsa.co.za/?detail/726355385,2026-04-04
https://themaintenanceteamsa.co.za/?v=46327118506,2026-04-04
https://themaintenanceteamsa.co.za/?v=4632755080,2026-04-04
https://themaintenanceteamsa.co.za/?detail/735417169,2026-04-04
https://themaintenanceteamsa.co.za/?d=7223140317,2026-04-04
https://themaintenanceteamsa.co.za/?v=46327210164,2026-04-04
https://themaintenanceteamsa.co.za/?v=4632738852,2026-04-04
https://themaintenanceteamsa.co.za/?detail/727349579,2026-04-04
https://themaintenanceteamsa.co.za/?detail/706457939,2026-04-04
https://themaintenanceteamsa.co.za/?v=46327104049,2026-04-04
https://themaintenanceteamsa.co.za/?v=46327218729,2026-04-04
https://themaintenanceteamsa.co.za/?v=46327129713,2026-04-04
https://themaintenanceteamsa.co.za/?v=46327262526,2026-04-04
https://themaintenanceteamsa.co.za/?v=4632731166,2026-04-04
https://themaintenanceteamsa.co.za/?v=46327234043,2026-04-04
https://themaintenanceteamsa.co.za/?detail/741096592,2026-04-04
https://themaintenanceteamsa.co.za/?v=46327182972,2026-04-04
https://themaintenanceteamsa.co.za/?v=46327122845,2026-04-04
https://themaintenanceteamsa.co.za/?v=46327256664,2026-04-04
https://themaintenanceteamsa.co.za/?v=46327205866,2026-04-04
https://themaintenanceteamsa.co.za/?v=46327114667,2026-04-04
https://themaintenanceteamsa.co.za/?v=46327142879,2026-04-04
https://themaintenanceteamsa.co.za/?v=4632771861,2026-04-04
https://themaintenanceteamsa.co.za/?v=4632723347,2026-04-04
https://themaintenanceteamsa.co.za/?detail/728825803,2026-04-04
https://themaintenanceteamsa.co.za/?v=4632799466,2026-04-04
https://themaintenanceteamsa.co.za/?detail/758792603,2026-04-04
https://themaintenanceteamsa.co.za/?detail/705906255,2026-04-04
https://themaintenanceteamsa.co.za/?detail/715262235,2026-04-04
https://themaintenanceteamsa.co.za/?detail/741979769,2026-04-04
https://themaintenanceteamsa.co.za/?v=46327197510,2026-04-04
https://themaintenanceteamsa.co.za/?detail/740611940,2026-04-04
https://themaintenanceteamsa.co.za/?detail/729851005,2026-04-04
https://themaintenanceteamsa.co.za/?detail/759087407,2026-04-04
https://themaintenanceteamsa.co.za/?detail/722725872,2026-04-04
https://themaintenanceteamsa.co.za/?v=46327124707,2026-04-04
https://themaintenanceteamsa.co.za/?l=69795205924,2026-04-04
https://themaintenanceteamsa.co.za/?u=1367058940,2026-04-04
https://themaintenanceteamsa.co.za/?v=46327285112,2026-04-04
https://themaintenanceteamsa.co.za/?v=46327254727,2026-04-04
https://themaintenanceteamsa.co.za/?v=46327246763,2026-04-04
https://themaintenanceteamsa.co.za/?v=4632733973,2026-04-04
https://themaintenanceteamsa.co.za/?v=46327198240,2026-04-04
https://themaintenanceteamsa.co.za/?v=4632792378,2026-04-04
https://themaintenanceteamsa.co.za/?v=46327203845,2026-04-04
https://themaintenanceteamsa.co.za/?v=4632788642,2026-04-04
https://themaintenanceteamsa.co.za/?v=4632734505,2026-04-04
https://themaintenanceteamsa.co.za/?v=46327232161,2026-04-04
https://themaintenanceteamsa.co.za/?v=46327200165,2026-04-04
https://themaintenanceteamsa.co.za/?v=46327236522,2026-04-04
https://themaintenanceteamsa.co.za/?v=463276625,2026-04-04
https://themaintenanceteamsa.co.za/?detail/726639264,2026-04-04
https://themaintenanceteamsa.co.za/?detail/727698875,2026-04-04
https://themaintenanceteamsa.co.za/?detail/705617949,2026-04-04
https://themaintenanceteamsa.co.za/?detail/756527765,2026-04-04
https://themaintenanceteamsa.co.za/?detail/730743302,2026-04-04
https://themaintenanceteamsa.co.za/?detail/724351512,2026-04-04
https://themaintenanceteamsa.co.za/?detail/743781729,2026-04-04
https://themaintenanceteamsa.co.za/?q=1725492054,2026-04-04
https://themaintenanceteamsa.co.za/?detail/712586693,2026-04-04
https://themaintenanceteamsa.co.za/?detail/742145487,2026-04-04
https://themaintenanceteamsa.co.za/?detail/739436638,2026-04-04
https://themaintenanceteamsa.co.za/?s=87092232020,2026-04-04
https://themaintenanceteamsa.co.za/?detail/745058282,2026-04-04
https://themaintenanceteamsa.co.za/?n=87425229368,2026-04-04
https://themaintenanceteamsa.co.za/?detail/738892478,2026-04-04
https://themaintenanceteamsa.co.za/?detail/712000885,2026-04-04
https://themaintenanceteamsa.co.za/?detail/750071071,2026-04-04
https://themaintenanceteamsa.co.za/?u=13670214366,2026-04-04
https://themaintenanceteamsa.co.za/?detail/756617084,2026-04-04
https://themaintenanceteamsa.co.za/?detail/744124242,2026-04-04
https://themaintenanceteamsa.co.za/?detail/725332843,2026-04-04
https://themaintenanceteamsa.co.za/?u=1367012832,2026-04-04
https://themaintenanceteamsa.co.za/?detail/752614145,2026-04-04
https://themaintenanceteamsa.co.za/?detail/704353993,2026-04-04
https://themaintenanceteamsa.co.za/?detail/746426947,2026-04-04
https://themaintenanceteamsa.co.za/?detail/712274561,2026-04-04
https://themaintenanceteamsa.co.za/?v=463272319,2026-04-04
https://themaintenanceteamsa.co.za/?v=4632778261,2026-04-04
https://themaintenanceteamsa.co.za/?d=72231114842,2026-04-04
https://themaintenanceteamsa.co.za/?detail/727975097,2026-04-04
https://themaintenanceteamsa.co.za/?detail/742062723,2026-04-04
https://themaintenanceteamsa.co.za/?detail/725821732,2026-04-04
https://themaintenanceteamsa.co.za/?detail/720202786,2026-04-04
https://themaintenanceteamsa.co.za/?s=87092223099,2026-04-04
https://themaintenanceteamsa.co.za/?detail/757929452,2026-04-04
https://themaintenanceteamsa.co.za/?detail/734739781,2026-04-04
https://themaintenanceteamsa.co.za/?detail/721171539,2026-04-04
https://themaintenanceteamsa.co.za/?l=6979548645,2026-04-04
https://themaintenanceteamsa.co.za/?detail/751162260,2026-04-04
https://themaintenanceteamsa.co.za/?detail/733999142,2026-04-04
https://themaintenanceteamsa.co.za/?q=172547066,2026-04-04
https://themaintenanceteamsa.co.za/?detail/742398548,2026-04-04
https://themaintenanceteamsa.co.za/?a=79118173067,2026-04-04
https://themaintenanceteamsa.co.za/?detail/709430527,2026-04-04
https://themaintenanceteamsa.co.za/?detail/739572963,2026-04-04
https://themaintenanceteamsa.co.za/?n=87425172373,2026-04-04
https://themaintenanceteamsa.co.za/?detail/704100153,2026-04-04
https://themaintenanceteamsa.co.za/?n=87425117402,2026-04-04
https://themaintenanceteamsa.co.za/?detail/750690889,2026-04-04
https://themaintenanceteamsa.co.za/?v=46327225491,2026-04-04
https://themaintenanceteamsa.co.za/?detail/754742088,2026-04-04
https://themaintenanceteamsa.co.za/?detail/740723128,2026-04-04
https://themaintenanceteamsa.co.za/?v=4632713612,2026-04-04
https://themaintenanceteamsa.co.za/?v=4632765088,2026-04-04
https://themaintenanceteamsa.co.za/?v=46327271983,2026-04-04
https://themaintenanceteamsa.co.za/?v=4632766451,2026-04-04
https://themaintenanceteamsa.co.za/?v=46327189456,2026-04-04
https://themaintenanceteamsa.co.za/?a=7911817275,2026-04-04
https://themaintenanceteamsa.co.za/?detail/714919228,2026-04-04
https://themaintenanceteamsa.co.za/?y=91700137699,2026-04-04
https://themaintenanceteamsa.co.za/?detail/706680999,2026-04-04
https://themaintenanceteamsa.co.za/?detail/740950311,2026-04-04
https://themaintenanceteamsa.co.za/?detail/705035599,2026-04-04
https://themaintenanceteamsa.co.za/?detail/720712366,2026-04-04
https://themaintenanceteamsa.co.za/?detail/727694638,2026-04-04
https://themaintenanceteamsa.co.za/?detail/720063269,2026-04-04
https://themaintenanceteamsa.co.za/?detail/757140040,2026-04-04
https://themaintenanceteamsa.co.za/?detail/738106771,2026-04-04
https://themaintenanceteamsa.co.za/?detail/735577358,2026-04-04
https://themaintenanceteamsa.co.za/?u=13670149055,2026-04-04
https://themaintenanceteamsa.co.za/?y=9170021683,2026-04-04
https://themaintenanceteamsa.co.za/?d=72231195033,2026-04-04
https://themaintenanceteamsa.co.za/?v=46327200031,2026-04-04
https://themaintenanceteamsa.co.za/?v=46327164682,2026-04-04
https://themaintenanceteamsa.co.za/?v=4632788609,2026-04-04
https://themaintenanceteamsa.co.za/?v=46327162182,2026-04-04
https://themaintenanceteamsa.co.za/?v=4632749493,2026-04-04
https://themaintenanceteamsa.co.za/?v=4632718590,2026-04-04
https://themaintenanceteamsa.co.za/?detail/745523383,2026-04-04
https://themaintenanceteamsa.co.za/?n=87425147892,2026-04-04
https://themaintenanceteamsa.co.za/?u=13670179244,2026-04-04
https://themaintenanceteamsa.co.za/?detail/742117994,2026-04-04
https://themaintenanceteamsa.co.za/?v=46327168074,2026-04-04
https://themaintenanceteamsa.co.za/?detail/704477759,2026-04-04
https://themaintenanceteamsa.co.za/?v=46327187341,2026-04-04
https://themaintenanceteamsa.co.za/?v=46327117403,2026-04-04
https://themaintenanceteamsa.co.za/?v=46327135940,2026-04-04
https://themaintenanceteamsa.co.za/?y=9170095184,2026-04-04
https://themaintenanceteamsa.co.za/?v=4632772870,2026-04-04
https://themaintenanceteamsa.co.za/?v=46327167983,2026-04-04
https://themaintenanceteamsa.co.za/?v=4632771086,2026-04-04
https://themaintenanceteamsa.co.za/?v=4632722199,2026-04-04
https://themaintenanceteamsa.co.za/?v=4632771596,2026-04-04
https://themaintenanceteamsa.co.za/?v=46327133253,2026-04-04
https://themaintenanceteamsa.co.za/?v=4632743347,2026-04-04
https://themaintenanceteamsa.co.za/?v=4632745516,2026-04-04
https://themaintenanceteamsa.co.za/?v=46327137530,2026-04-04
https://themaintenanceteamsa.co.za/?v=4632773090,2026-04-04
https://themaintenanceteamsa.co.za/?v=46327225356,2026-04-04
https://themaintenanceteamsa.co.za/?v=46327258017,2026-04-04
https://themaintenanceteamsa.co.za/?v=46327205635,2026-04-04
https://themaintenanceteamsa.co.za/?a=60918194913,2026-04-04
https://themaintenanceteamsa.co.za/?detail/738971252,2026-04-04
https://themaintenanceteamsa.co.za/?detail/715422329,2026-04-04
https://themaintenanceteamsa.co.za/?detail/727720307,2026-04-04
https://themaintenanceteamsa.co.za/?detail/735940733,2026-04-04
https://themaintenanceteamsa.co.za/?v=4632733818,2026-04-04
https://themaintenanceteamsa.co.za/?detail/744297940,2026-04-04
https://themaintenanceteamsa.co.za/?y=91700281546,2026-04-04
https://themaintenanceteamsa.co.za/?detail/717321645,2026-04-04
https://themaintenanceteamsa.co.za/?detail/716389201,2026-04-04
https://themaintenanceteamsa.co.za/?l=69795185673,2026-04-04
https://themaintenanceteamsa.co.za/?detail/743261376,2026-04-04
https://themaintenanceteamsa.co.za/?detail/751498465,2026-04-04
https://themaintenanceteamsa.co.za/?detail/728344210,2026-04-04
https://themaintenanceteamsa.co.za/?detail/703267231,2026-04-04
https://themaintenanceteamsa.co.za/?detail/721692025,2026-04-04
https://themaintenanceteamsa.co.za/?detail/741485199,2026-04-04
https://themaintenanceteamsa.co.za/?v=46327121990,2026-04-04
https://themaintenanceteamsa.co.za/?d=7223129576,2026-04-04
https://themaintenanceteamsa.co.za/?detail/707275300,2026-04-04
https://themaintenanceteamsa.co.za/?detail/746051051,2026-04-04
https://themaintenanceteamsa.co.za/?detail/735018036,2026-04-04
https://themaintenanceteamsa.co.za/?detail/743749011,2026-04-04
https://themaintenanceteamsa.co.za/?detail/743012685,2026-04-04
https://themaintenanceteamsa.co.za/?detail/708006724,2026-04-04
https://themaintenanceteamsa.co.za/?v=46327286942,2026-04-04
https://themaintenanceteamsa.co.za/?a=79118279547,2026-04-04
https://themaintenanceteamsa.co.za/?detail/734653787,2026-04-04
https://themaintenanceteamsa.co.za/?detail/727349997,2026-04-04
https://themaintenanceteamsa.co.za/?detail/753713770,2026-04-04
https://themaintenanceteamsa.co.za/?v=46327237207,2026-04-04
https://themaintenanceteamsa.co.za/?u=13670263560,2026-04-04
https://themaintenanceteamsa.co.za/?v=4632799371,2026-04-04
https://themaintenanceteamsa.co.za/?y=91700138148,2026-04-04
https://themaintenanceteamsa.co.za/?u=1367017100,2026-04-04
https://themaintenanceteamsa.co.za/?detail/739597587,2026-04-04
https://themaintenanceteamsa.co.za/?y=91700230047,2026-04-04
https://themaintenanceteamsa.co.za/?v=46327232898,2026-04-04
https://themaintenanceteamsa.co.za/?y=91700112195,2026-04-04
https://themaintenanceteamsa.co.za/?v=4632722175,2026-04-04
https://themaintenanceteamsa.co.za/?v=46327178804,2026-04-04
https://themaintenanceteamsa.co.za/?n=87425229345,2026-04-04
https://themaintenanceteamsa.co.za/?v=46327235169,2026-04-04
https://themaintenanceteamsa.co.za/?detail/711879095,2026-04-04
https://themaintenanceteamsa.co.za/?l=69795246484,2026-04-04
https://themaintenanceteamsa.co.za/?v=46327160847,2026-04-04
https://themaintenanceteamsa.co.za/?a=7911853403,2026-04-04
https://themaintenanceteamsa.co.za/?y=91700100985,2026-04-04
https://themaintenanceteamsa.co.za/?n=8742563079,2026-04-04
https://themaintenanceteamsa.co.za/?detail/715259043,2026-04-04
https://themaintenanceteamsa.co.za/?l=69795205064,2026-04-04
https://themaintenanceteamsa.co.za/?detail/747447703,2026-04-04
https://themaintenanceteamsa.co.za/?detail/727312833,2026-04-04
https://themaintenanceteamsa.co.za/?detail/702649598,2026-04-04
https://themaintenanceteamsa.co.za/?detail/751541215,2026-04-04
https://themaintenanceteamsa.co.za/?detail/745690564,2026-04-04
https://themaintenanceteamsa.co.za/?detail/716983882,2026-04-04
https://themaintenanceteamsa.co.za/?y=91700154408,2026-04-04
https://themaintenanceteamsa.co.za/?d=7223112491,2026-04-04
https://themaintenanceteamsa.co.za/?detail/712419930,2026-04-04
https://themaintenanceteamsa.co.za/?detail/731091990,2026-04-04
https://themaintenanceteamsa.co.za/?detail/735298495,2026-04-04
https://themaintenanceteamsa.co.za/?s=87092162564,2026-04-04
https://themaintenanceteamsa.co.za/?detail/718338354,2026-04-04
https://themaintenanceteamsa.co.za/?detail/709378011,2026-04-04
https://themaintenanceteamsa.co.za/?detail/726297530,2026-04-04
https://themaintenanceteamsa.co.za/?detail/754177997,2026-04-04
https://themaintenanceteamsa.co.za/?detail/752768368,2026-04-04
https://themaintenanceteamsa.co.za/?detail/713901664,2026-04-04
https://themaintenanceteamsa.co.za/?detail/729172059,2026-04-04
https://themaintenanceteamsa.co.za/?detail/738304504,2026-04-04
https://themaintenanceteamsa.co.za/?s=8709234262,2026-04-04
https://themaintenanceteamsa.co.za/?detail/727086296,2026-04-04
https://themaintenanceteamsa.co.za/?detail/719618289,2026-04-04
https://themaintenanceteamsa.co.za/?detail/735407517,2026-04-04
https://themaintenanceteamsa.co.za/?detail/722123800,2026-04-04
https://themaintenanceteamsa.co.za/?detail/724965972,2026-04-04
https://themaintenanceteamsa.co.za/?detail/703655857,2026-04-04
https://themaintenanceteamsa.co.za/?l=69795224094,2026-04-04
https://themaintenanceteamsa.co.za/?detail/734353891,2026-04-04
https://themaintenanceteamsa.co.za/?detail/730073742,2026-04-04
https://themaintenanceteamsa.co.za/?detail/708990639,2026-04-04
https://themaintenanceteamsa.co.za/?l=69795259103,2026-04-04
https://themaintenanceteamsa.co.za/?y=91700269642,2026-04-04
https://themaintenanceteamsa.co.za/?a=6091888805,2026-04-04
https://themaintenanceteamsa.co.za/?v=46327187611,2026-04-04
https://themaintenanceteamsa.co.za/?q=17254207516,2026-04-04
https://themaintenanceteamsa.co.za/?detail/730932789,2026-04-04
https://themaintenanceteamsa.co.za/?detail/749282761,2026-04-04
https://themaintenanceteamsa.co.za/?detail/736450921,2026-04-04
https://themaintenanceteamsa.co.za/?detail/746990145,2026-04-04
https://themaintenanceteamsa.co.za/?v=46327196817,2026-04-04
https://themaintenanceteamsa.co.za/?a=79118279899,2026-04-04
https://themaintenanceteamsa.co.za/?detail/715725626,2026-04-04
https://themaintenanceteamsa.co.za/?n=8742598224,2026-04-04
https://themaintenanceteamsa.co.za/?detail/756290132,2026-04-04
https://themaintenanceteamsa.co.za/?d=72231277458,2026-04-04
https://themaintenanceteamsa.co.za/?q=1725453868,2026-04-04
https://themaintenanceteamsa.co.za/?a=60918279297,2026-04-04
https://themaintenanceteamsa.co.za/?l=6979598714,2026-04-04
https://themaintenanceteamsa.co.za/?v=46327263596,2026-04-04
https://themaintenanceteamsa.co.za/?detail/716945749,2026-04-04
https://themaintenanceteamsa.co.za/?detail/723394957,2026-04-04
https://themaintenanceteamsa.co.za/?s=87092221421,2026-04-04
https://themaintenanceteamsa.co.za/?s=87092171237,2026-04-04
https://themaintenanceteamsa.co.za/?u=1367014153,2026-04-04
https://themaintenanceteamsa.co.za/?a=7911864887,2026-04-04
https://themaintenanceteamsa.co.za/?l=6979570629,2026-04-04
https://themaintenanceteamsa.co.za/?a=6091823927,2026-04-04
https://themaintenanceteamsa.co.za/?detail/757458366,2026-04-04
https://themaintenanceteamsa.co.za/?detail/711072222,2026-04-04
https://themaintenanceteamsa.co.za/?detail/710665717,2026-04-04
https://themaintenanceteamsa.co.za/?d=72231184900,2026-04-04
https://themaintenanceteamsa.co.za/?l=69795131787,2026-04-04
https://themaintenanceteamsa.co.za/?detail/729456071,2026-04-04
https://themaintenanceteamsa.co.za/?detail/732649097,2026-04-04
https://themaintenanceteamsa.co.za/?v=46327158894,2026-04-04
https://themaintenanceteamsa.co.za/?detail/738162840,2026-04-04
https://themaintenanceteamsa.co.za/?l=6979525579,2026-04-04
https://themaintenanceteamsa.co.za/?a=60918130941,2026-04-04
https://themaintenanceteamsa.co.za/?detail/721053739,2026-04-04
https://themaintenanceteamsa.co.za/?q=1725425633,2026-04-04
https://themaintenanceteamsa.co.za/?a=60918110156,2026-04-04
https://themaintenanceteamsa.co.za/?v=46327206712,2026-04-04
https://themaintenanceteamsa.co.za/?detail/743519054,2026-04-04
https://themaintenanceteamsa.co.za/?detail/758739821,2026-04-04
https://themaintenanceteamsa.co.za/?detail/730741022,2026-04-04
https://themaintenanceteamsa.co.za/?detail/706911811,2026-04-04
https://themaintenanceteamsa.co.za/?detail/726319741,2026-04-04
https://themaintenanceteamsa.co.za/?detail/720087190,2026-04-04
https://themaintenanceteamsa.co.za/?detail/746148274,2026-04-04
https://themaintenanceteamsa.co.za/?detail/713428507,2026-04-04
https://themaintenanceteamsa.co.za/?d=72231231172,2026-04-04
https://themaintenanceteamsa.co.za/?v=4632780805,2026-04-04
https://themaintenanceteamsa.co.za/?detail/709808418,2026-04-04
https://themaintenanceteamsa.co.za/?u=1367011428,2026-04-04
https://themaintenanceteamsa.co.za/?detail/749953784,2026-04-04
https://themaintenanceteamsa.co.za/?detail/736577347,2026-04-04
https://themaintenanceteamsa.co.za/?a=79118231138,2026-04-04
https://themaintenanceteamsa.co.za/?v=46327209032,2026-04-04
https://themaintenanceteamsa.co.za/?detail/758886596,2026-04-04
https://themaintenanceteamsa.co.za/?a=79118281592,2026-04-04
https://themaintenanceteamsa.co.za/?q=17254160206,2026-04-04
https://themaintenanceteamsa.co.za/?n=8742572189,2026-04-04
https://themaintenanceteamsa.co.za/?a=79118132938,2026-04-04
https://themaintenanceteamsa.co.za/?n=8742537885,2026-04-04
https://themaintenanceteamsa.co.za/?a=6091850163,2026-04-04
https://themaintenanceteamsa.co.za/?n=87425178720,2026-04-04
https://themaintenanceteamsa.co.za/?a=60918276264,2026-04-04
https://themaintenanceteamsa.co.za/?detail/718374435,2026-04-04
https://themaintenanceteamsa.co.za/?v=46327166310,2026-04-04
https://themaintenanceteamsa.co.za/?v=46327195173,2026-04-04
https://themaintenanceteamsa.co.za/?y=91700276137,2026-04-04
https://themaintenanceteamsa.co.za/?l=69795205579,2026-04-03
https://themaintenanceteamsa.co.za/?detail/709202565,2026-04-03
https://themaintenanceteamsa.co.za/?detail/732638362,2026-04-03
https://themaintenanceteamsa.co.za/?detail/704279114,2026-04-03
https://themaintenanceteamsa.co.za/?detail/751077824,2026-04-03
https://themaintenanceteamsa.co.za/?detail/728813814,2026-04-03
https://themaintenanceteamsa.co.za/?detail/757523346,2026-04-03
https://themaintenanceteamsa.co.za/?d=7223183833,2026-04-03
https://themaintenanceteamsa.co.za/?n=8742576669,2026-04-03
https://themaintenanceteamsa.co.za/?u=13670147957,2026-04-03
https://themaintenanceteamsa.co.za/?d=722311149,2026-04-03
https://themaintenanceteamsa.co.za/?a=79118187723,2026-04-03
https://themaintenanceteamsa.co.za/?s=870922713,2026-04-03
https://themaintenanceteamsa.co.za/?n=8742579588,2026-04-03
https://themaintenanceteamsa.co.za/?d=7223117382,2026-04-03
https://themaintenanceteamsa.co.za/?l=6979593155,2026-04-03
https://themaintenanceteamsa.co.za/?detail/746717248,2026-04-03
https://themaintenanceteamsa.co.za/?d=7223150750,2026-04-03
https://themaintenanceteamsa.co.za/?u=13670115784,2026-04-03
https://themaintenanceteamsa.co.za/?y=9170050518,2026-04-03
https://themaintenanceteamsa.co.za/?l=69795251992,2026-04-03
https://themaintenanceteamsa.co.za/?u=13670153105,2026-04-03
https://themaintenanceteamsa.co.za/?detail/736307186,2026-04-03
https://themaintenanceteamsa.co.za/?detail/744178278,2026-04-03
https://themaintenanceteamsa.co.za/?detail/728384908,2026-04-03
https://themaintenanceteamsa.co.za/?detail/738723340,2026-04-03
https://themaintenanceteamsa.co.za/?detail/705079546,2026-04-03
https://themaintenanceteamsa.co.za/?v=4632773985,2026-04-03
https://themaintenanceteamsa.co.za/?v=46327269510,2026-04-03
https://themaintenanceteamsa.co.za/?v=46327228481,2026-04-03
https://themaintenanceteamsa.co.za/?v=46327201648,2026-04-03
https://themaintenanceteamsa.co.za/?a=60918209144,2026-04-03
https://themaintenanceteamsa.co.za/?detail/747302353,2026-04-03
https://themaintenanceteamsa.co.za/?y=91700101582,2026-04-03
https://themaintenanceteamsa.co.za/?detail/708972608,2026-04-03
https://themaintenanceteamsa.co.za/?detail/755996050,2026-04-03
https://themaintenanceteamsa.co.za/?u=1367047230,2026-04-03
https://themaintenanceteamsa.co.za/?n=8742592701,2026-04-03
https://themaintenanceteamsa.co.za/?q=17254207621,2026-04-03
https://themaintenanceteamsa.co.za/?u=1367031227,2026-04-03
https://themaintenanceteamsa.co.za/?detail/747229070,2026-04-03
https://themaintenanceteamsa.co.za/?detail/752069434,2026-04-03
https://themaintenanceteamsa.co.za/?detail/707360477,2026-04-03
https://themaintenanceteamsa.co.za/?detail/725124717,2026-04-03
https://themaintenanceteamsa.co.za/?detail/710245057,2026-04-03
https://themaintenanceteamsa.co.za/?detail/709028183,2026-04-03
https://themaintenanceteamsa.co.za/?l=69795157428,2026-04-03
https://themaintenanceteamsa.co.za/?n=87425264550,2026-04-03
https://themaintenanceteamsa.co.za/?detail/751671745,2026-04-03
https://themaintenanceteamsa.co.za/?detail/716500807,2026-04-03
https://themaintenanceteamsa.co.za/?detail/730841323,2026-04-03
https://themaintenanceteamsa.co.za/?a=60918199505,2026-04-03
https://themaintenanceteamsa.co.za/?detail/706171913,2026-04-03
https://themaintenanceteamsa.co.za/?v=4632799530,2026-04-03
https://themaintenanceteamsa.co.za/?u=1367094714,2026-04-03
https://themaintenanceteamsa.co.za/?a=60918279092,2026-04-03
https://themaintenanceteamsa.co.za/?detail/721120847,2026-04-03
https://themaintenanceteamsa.co.za/?a=7911834831,2026-04-03
https://themaintenanceteamsa.co.za/?detail/751819869,2026-04-03
https://themaintenanceteamsa.co.za/?a=60918218560,2026-04-03
https://themaintenanceteamsa.co.za/?detail/720737617,2026-04-03
https://themaintenanceteamsa.co.za/?q=17254261224,2026-04-03
https://themaintenanceteamsa.co.za/?v=46327144471,2026-04-03
https://themaintenanceteamsa.co.za/?v=46327189647,2026-04-03
https://themaintenanceteamsa.co.za/?v=46327268728,2026-04-03
https://themaintenanceteamsa.co.za/?detail/757296695,2026-04-03
https://themaintenanceteamsa.co.za/?v=46327230923,2026-04-03
https://themaintenanceteamsa.co.za/?detail/712514873,2026-04-03
https://themaintenanceteamsa.co.za/?detail/732400368,2026-04-03
https://themaintenanceteamsa.co.za/?detail/717139492,2026-04-03
https://themaintenanceteamsa.co.za/?detail/733648421,2026-04-03
https://themaintenanceteamsa.co.za/?detail/711740927,2026-04-03
https://themaintenanceteamsa.co.za/?detail/753914448,2026-04-03
https://themaintenanceteamsa.co.za/?detail/709980387,2026-04-03
https://themaintenanceteamsa.co.za/?detail/712284897,2026-04-03
https://themaintenanceteamsa.co.za/?detail/704528831,2026-04-03
https://themaintenanceteamsa.co.za/?detail/719516487,2026-04-03
https://themaintenanceteamsa.co.za/?a=60918258899,2026-04-03
https://themaintenanceteamsa.co.za/?detail/712500129,2026-04-03
https://themaintenanceteamsa.co.za/?detail/732614916,2026-04-03
https://themaintenanceteamsa.co.za/?d=72231143722,2026-04-03
https://themaintenanceteamsa.co.za/?detail/736857065,2026-04-03
https://themaintenanceteamsa.co.za/?d=7223141916,2026-04-03
https://themaintenanceteamsa.co.za/?detail/726268042,2026-04-03
https://themaintenanceteamsa.co.za/?d=72231547,2026-04-03
https://themaintenanceteamsa.co.za/?detail/736263733,2026-04-03
https://themaintenanceteamsa.co.za/?detail/744474412,2026-04-03
https://themaintenanceteamsa.co.za/?d=72231208045,2026-04-03
https://themaintenanceteamsa.co.za/?detail/737100075,2026-04-03
https://themaintenanceteamsa.co.za/?detail/757114485,2026-04-03
https://themaintenanceteamsa.co.za/?detail/726917462,2026-04-03
https://themaintenanceteamsa.co.za/?detail/740162039,2026-04-03
https://themaintenanceteamsa.co.za/?q=17254244876,2026-04-02
https://themaintenanceteamsa.co.za/?detail/727267499,2026-04-02
https://themaintenanceteamsa.co.za/?a=60918281218,2026-04-02
https://themaintenanceteamsa.co.za/?detail/736577233,2026-04-02
https://themaintenanceteamsa.co.za/?detail/737602511,2026-04-02
https://themaintenanceteamsa.co.za/?detail/755335914,2026-04-02
https://themaintenanceteamsa.co.za/?detail/750425953,2026-04-02
https://themaintenanceteamsa.co.za/?detail/730870241,2026-04-02
https://themaintenanceteamsa.co.za/?y=91700224888,2026-04-02
https://themaintenanceteamsa.co.za/?detail/748240136,2026-04-02
https://themaintenanceteamsa.co.za/?detail/733360970,2026-04-02
https://themaintenanceteamsa.co.za/?detail/751448343,2026-04-02
https://themaintenanceteamsa.co.za/?detail/739316330,2026-04-02
https://themaintenanceteamsa.co.za/?a=79118211086,2026-04-02
https://themaintenanceteamsa.co.za/?detail/722743200,2026-04-02
https://themaintenanceteamsa.co.za/?detail/749130495,2026-04-02
https://themaintenanceteamsa.co.za/?detail/721948962,2026-04-02
https://themaintenanceteamsa.co.za/?l=69795239579,2026-04-02
https://themaintenanceteamsa.co.za/?a=60918198824,2026-04-02
https://themaintenanceteamsa.co.za/?detail/758583109,2026-04-02
https://themaintenanceteamsa.co.za/?detail/755238178,2026-04-02
https://themaintenanceteamsa.co.za/?detail/736929626,2026-04-02
https://themaintenanceteamsa.co.za/?detail/707258789,2026-04-02
https://themaintenanceteamsa.co.za/?detail/745423348,2026-04-02
https://themaintenanceteamsa.co.za/?detail/737449865,2026-04-02
https://themaintenanceteamsa.co.za/?detail/735549599,2026-04-02
https://themaintenanceteamsa.co.za/?detail/722050080,2026-04-02
https://themaintenanceteamsa.co.za/?detail/729503400,2026-04-02
https://themaintenanceteamsa.co.za/?detail/704505822,2026-04-02
https://themaintenanceteamsa.co.za/?a=79118143236,2026-04-02
https://themaintenanceteamsa.co.za/?detail/717257197,2026-04-02
https://themaintenanceteamsa.co.za/?detail/725744801,2026-04-02
https://themaintenanceteamsa.co.za/?detail/715613355,2026-04-02
https://themaintenanceteamsa.co.za/?detail/713918669,2026-04-02
https://themaintenanceteamsa.co.za/?detail/738166621,2026-04-02
https://themaintenanceteamsa.co.za/?detail/721724971,2026-04-02
https://themaintenanceteamsa.co.za/?detail/749564607,2026-04-02
https://themaintenanceteamsa.co.za/?detail/740555168,2026-04-02
https://themaintenanceteamsa.co.za/?detail/708053939,2026-04-02
https://themaintenanceteamsa.co.za/?detail/749163973,2026-04-02
https://themaintenanceteamsa.co.za/?detail/749157323,2026-04-02
https://themaintenanceteamsa.co.za/?detail/744703609,2026-04-02
https://themaintenanceteamsa.co.za/?detail/730733156,2026-04-02
https://themaintenanceteamsa.co.za/?detail/727701459,2026-04-02
https://themaintenanceteamsa.co.za/?detail/702354775,2026-04-02
https://themaintenanceteamsa.co.za/?detail/705642364,2026-04-02
https://themaintenanceteamsa.co.za/?detail/720778353,2026-04-02
https://themaintenanceteamsa.co.za/?detail/743585421,2026-04-02
https://themaintenanceteamsa.co.za/?detail/727060304,2026-04-02
https://themaintenanceteamsa.co.za/?detail/706049439,2026-04-02
https://themaintenanceteamsa.co.za/?detail/755202363,2026-04-02
https://themaintenanceteamsa.co.za/?detail/719897285,2026-04-02
https://themaintenanceteamsa.co.za/?detail/707991828,2026-04-02
https://themaintenanceteamsa.co.za/?detail/742029606,2026-04-02
https://themaintenanceteamsa.co.za/?detail/740841764,2026-04-02
https://themaintenanceteamsa.co.za/?detail/719000637,2026-04-02
https://themaintenanceteamsa.co.za/?detail/702426766,2026-04-02
https://themaintenanceteamsa.co.za/?detail/723611006,2026-04-02
https://themaintenanceteamsa.co.za/?detail/758268393,2026-04-02
https://themaintenanceteamsa.co.za/?detail/723439303,2026-04-02
https://themaintenanceteamsa.co.za/?detail/755578088,2026-04-02
https://themaintenanceteamsa.co.za/?detail/723382189,2026-04-02
https://themaintenanceteamsa.co.za/?detail/750523537,2026-04-02
https://themaintenanceteamsa.co.za/?detail/703637047,2026-04-02
https://themaintenanceteamsa.co.za/?detail/719227991,2026-04-02
https://themaintenanceteamsa.co.za/?detail/736796417,2026-04-02
https://themaintenanceteamsa.co.za/?detail/741636990,2026-04-02
https://themaintenanceteamsa.co.za/?detail/724858983,2026-04-02
https://themaintenanceteamsa.co.za/?detail/720232160,2026-04-02
https://themaintenanceteamsa.co.za/?detail/756107808,2026-04-02
https://themaintenanceteamsa.co.za/?detail/708637201,2026-04-02
https://themaintenanceteamsa.co.za/?detail/714145434,2026-04-02
https://themaintenanceteamsa.co.za/?detail/717336503,2026-04-02
https://themaintenanceteamsa.co.za/?detail/722168735,2026-04-02
https://themaintenanceteamsa.co.za/?y=91700255185,2026-04-02
https://themaintenanceteamsa.co.za/?class/8365-1725400027.html,2026-04-02
https://themaintenanceteamsa.co.za/?detail/747470940,2026-04-02
https://themaintenanceteamsa.co.za/?detail/745868062,2026-04-02
https://themaintenanceteamsa.co.za/?detail/750359548,2026-04-02
https://themaintenanceteamsa.co.za/?detail/704513004,2026-04-02
https://themaintenanceteamsa.co.za/?detail/746642407,2026-04-02
https://themaintenanceteamsa.co.za/?detail/748095736,2026-04-02
https://themaintenanceteamsa.co.za/?detail/710464545,2026-04-02
https://themaintenanceteamsa.co.za/?detail/752666604,2026-04-02
https://themaintenanceteamsa.co.za/?detail/748598609,2026-04-02
https://themaintenanceteamsa.co.za/?detail/726844160,2026-04-02
https://themaintenanceteamsa.co.za/?a=6091821881,2026-04-02
https://themaintenanceteamsa.co.za/?y=9170076609,2026-04-02
https://themaintenanceteamsa.co.za/?n=8742520190,2026-04-02
https://themaintenanceteamsa.co.za/?n=87425217229,2026-04-02
https://themaintenanceteamsa.co.za/?detail/757868538,2026-04-02
https://themaintenanceteamsa.co.za/?detail/746057587,2026-04-02
https://themaintenanceteamsa.co.za/?detail/703769211,2026-04-02
https://themaintenanceteamsa.co.za/?detail/759224321,2026-04-02
https://themaintenanceteamsa.co.za/?detail/754058449,2026-04-02
https://themaintenanceteamsa.co.za/?a=60918145856,2026-04-02
https://themaintenanceteamsa.co.za/?u=1367093405,2026-04-02
https://themaintenanceteamsa.co.za/?detail/717469446,2026-04-02
https://themaintenanceteamsa.co.za/?detail/733299638,2026-04-02
https://themaintenanceteamsa.co.za/?detail/717127313,2026-04-02
https://themaintenanceteamsa.co.za/?detail/757639493,2026-04-02
https://themaintenanceteamsa.co.za/?detail/744685065,2026-04-02
https://themaintenanceteamsa.co.za/?detail/757073578,2026-04-02
https://themaintenanceteamsa.co.za/?detail/729686275,2026-04-02
https://themaintenanceteamsa.co.za/?a=60918112979,2026-04-02
https://themaintenanceteamsa.co.za/?detail/739085822,2026-04-02
https://themaintenanceteamsa.co.za/?detail/736552229,2026-04-02
https://themaintenanceteamsa.co.za/?detail/746886747,2026-04-02
https://themaintenanceteamsa.co.za/?detail/759065348,2026-04-02
https://themaintenanceteamsa.co.za/?detail/727553715,2026-04-02
https://themaintenanceteamsa.co.za/?s=8709259953,2026-04-02
https://themaintenanceteamsa.co.za/?detail/731478754,2026-04-02
https://themaintenanceteamsa.co.za/?detail/704706766,2026-04-02
https://themaintenanceteamsa.co.za/?detail/732486552,2026-04-02
https://themaintenanceteamsa.co.za/?detail/750117165,2026-04-02
https://themaintenanceteamsa.co.za/?detail/737267902,2026-04-02
https://themaintenanceteamsa.co.za/?detail/717245246,2026-04-02
https://themaintenanceteamsa.co.za/?detail/742780543,2026-04-02
https://themaintenanceteamsa.co.za/?detail/713033288,2026-04-02
https://themaintenanceteamsa.co.za/?detail/730110431,2026-04-02
https://themaintenanceteamsa.co.za/?detail/703271772,2026-04-02
https://themaintenanceteamsa.co.za/?detail/728875488,2026-04-02
https://themaintenanceteamsa.co.za/?detail/731119540,2026-04-02
https://themaintenanceteamsa.co.za/?detail/734859576,2026-04-02
https://themaintenanceteamsa.co.za/?detail/707567862,2026-04-02
https://themaintenanceteamsa.co.za/?detail/734659050,2026-04-02
https://themaintenanceteamsa.co.za/?detail/725041155,2026-04-02
https://themaintenanceteamsa.co.za/?detail/734653692,2026-04-02
https://themaintenanceteamsa.co.za/?detail/740441662,2026-04-02
https://themaintenanceteamsa.co.za/?detail/751621490,2026-04-02
https://themaintenanceteamsa.co.za/?v=46327144603,2026-04-02
https://themaintenanceteamsa.co.za/?l=69795169310,2026-04-02
https://themaintenanceteamsa.co.za/?detail/721948354,2026-04-02
https://themaintenanceteamsa.co.za/?detail/708737008,2026-04-02
https://themaintenanceteamsa.co.za/?detail/718306985,2026-04-02
https://themaintenanceteamsa.co.za/?detail/730774120,2026-04-02
https://themaintenanceteamsa.co.za/?detail/753324897,2026-04-02
https://themaintenanceteamsa.co.za/?detail/717574820,2026-04-02
https://themaintenanceteamsa.co.za/?detail/723085181,2026-04-02
https://themaintenanceteamsa.co.za/?detail/745056059,2026-04-02
https://themaintenanceteamsa.co.za/?a=60918179025,2026-04-02
https://themaintenanceteamsa.co.za/?detail/740654329,2026-04-02
https://themaintenanceteamsa.co.za/?detail/723322035,2026-04-02
https://themaintenanceteamsa.co.za/?detail/733455305,2026-04-02
https://themaintenanceteamsa.co.za/?detail/745635160,2026-04-02
https://themaintenanceteamsa.co.za/?detail/710562129,2026-04-02
https://themaintenanceteamsa.co.za/?detail/743054523,2026-04-02
https://themaintenanceteamsa.co.za/?detail/714097041,2026-04-02
https://themaintenanceteamsa.co.za/?detail/723154512,2026-04-02
https://themaintenanceteamsa.co.za/?detail/716146400,2026-04-02
https://themaintenanceteamsa.co.za/?detail/734071532,2026-04-02
https://themaintenanceteamsa.co.za/?q=17254213223,2026-04-02
https://themaintenanceteamsa.co.za/?detail/735264143,2026-04-02
https://themaintenanceteamsa.co.za/?detail/708116126,2026-04-02
https://themaintenanceteamsa.co.za/?detail/734713542,2026-04-02
https://themaintenanceteamsa.co.za/?detail/714780680,2026-04-02
https://themaintenanceteamsa.co.za/?detail/750256587,2026-04-02
https://themaintenanceteamsa.co.za/?detail/737210826,2026-04-02
https://themaintenanceteamsa.co.za/?detail/705662846,2026-04-02
https://themaintenanceteamsa.co.za/?detail/756798477,2026-04-02
https://themaintenanceteamsa.co.za/?detail/711161503,2026-04-02
https://themaintenanceteamsa.co.za/?detail/746515886,2026-04-02
https://themaintenanceteamsa.co.za/?detail/721009659,2026-04-02
https://themaintenanceteamsa.co.za/?s=87092103549,2026-04-02
https://themaintenanceteamsa.co.za/?detail/744529227,2026-04-02
https://themaintenanceteamsa.co.za/?detail/734061880,2026-04-02
https://themaintenanceteamsa.co.za/?detail/741894725,2026-04-02
https://themaintenanceteamsa.co.za/?detail/758727471,2026-04-02
https://themaintenanceteamsa.co.za/?detail/725460352,2026-04-02
https://themaintenanceteamsa.co.za/?detail/748664558,2026-04-02
https://themaintenanceteamsa.co.za/?detail/708774267,2026-04-02
https://themaintenanceteamsa.co.za/?detail/725758196,2026-04-02
https://themaintenanceteamsa.co.za/?detail/753929629,2026-04-02
https://themaintenanceteamsa.co.za/?detail/720804953,2026-04-02
https://themaintenanceteamsa.co.za/?detail/733019635,2026-04-02
https://themaintenanceteamsa.co.za/?detail/705906654,2026-04-02
https://themaintenanceteamsa.co.za/?detail/738402411,2026-04-02
https://themaintenanceteamsa.co.za/?detail/757894644,2026-04-02
https://themaintenanceteamsa.co.za/?detail/756202390,2026-04-02
https://themaintenanceteamsa.co.za/?detail/709628374,2026-04-02
https://themaintenanceteamsa.co.za/?detail/728870662,2026-04-02
https://themaintenanceteamsa.co.za/?detail/741975475,2026-04-02
https://themaintenanceteamsa.co.za/?detail/721839218,2026-04-02
https://themaintenanceteamsa.co.za/?detail/759048571,2026-04-02
https://themaintenanceteamsa.co.za/?detail/737907974,2026-04-02
https://themaintenanceteamsa.co.za/?detail/727413229,2026-04-02
https://themaintenanceteamsa.co.za/?detail/741317334,2026-04-02
https://themaintenanceteamsa.co.za/?detail/755629597,2026-04-02
https://themaintenanceteamsa.co.za/?detail/756523243,2026-04-02
https://themaintenanceteamsa.co.za/?detail/731406421,2026-04-02
https://themaintenanceteamsa.co.za/?detail/740769070,2026-04-02
https://themaintenanceteamsa.co.za/?detail/734098702,2026-04-02
https://themaintenanceteamsa.co.za/?detail/708842420,2026-04-02
https://themaintenanceteamsa.co.za/?detail/755369943,2026-04-02
https://themaintenanceteamsa.co.za/?detail/721260117,2026-04-02
https://themaintenanceteamsa.co.za/?detail/708690610,2026-04-02
https://themaintenanceteamsa.co.za/?detail/730169426,2026-04-02
https://themaintenanceteamsa.co.za/?detail/709798785,2026-04-02
https://themaintenanceteamsa.co.za/?detail/707682812,2026-04-02
https://themaintenanceteamsa.co.za/?detail/755150170,2026-04-02
https://themaintenanceteamsa.co.za/?detail/749088030,2026-04-02
https://themaintenanceteamsa.co.za/?detail/750670654,2026-04-02
https://themaintenanceteamsa.co.za/?detail/706978178,2026-04-02
https://themaintenanceteamsa.co.za/?detail/742829582,2026-04-02
https://themaintenanceteamsa.co.za/?detail/737171800,2026-04-02
https://themaintenanceteamsa.co.za/?detail/722719944,2026-04-02
https://themaintenanceteamsa.co.za/?detail/756812214,2026-04-02
https://themaintenanceteamsa.co.za/?detail/747981888,2026-04-02
https://themaintenanceteamsa.co.za/?detail/727652401,2026-04-02
https://themaintenanceteamsa.co.za/?detail/709223693,2026-04-02
https://themaintenanceteamsa.co.za/?detail/752201845,2026-04-02
https://themaintenanceteamsa.co.za/?detail/743470490,2026-04-02
https://themaintenanceteamsa.co.za/?detail/723405236,2026-04-02
https://themaintenanceteamsa.co.za/?detail/752805285,2026-04-02
https://themaintenanceteamsa.co.za/?detail/738864054,2026-04-02
https://themaintenanceteamsa.co.za/?detail/756355720,2026-04-02
https://themaintenanceteamsa.co.za/?detail/754742772,2026-04-02